"GeneID","count_percentage","Trichoderma_harzianum_T9","Description"
"g9480",18.26923077,"Null",NA
"g1439",14.79289941,"Null",NA
"g7213",13.9161463,"g1721","FAD binding domain"
"g3410",13.78254211,"g11688","glutathione s-transferase"
"g1841",13.67806505,"Null",NA
"g10797",13.48837209,"g10822","Major Facilitator Superfamily"
"g10645",13.23308271,"g10946","Interferon-inducible GTPase (IIGP)"
"g3281",13.00578035,"g10018","Polysaccharide biosynthesis protein"
"g1908",12.998713,"Null",NA
"g2235",12.93817718,"g5928","Ankyrin repeats (many copies)"
"g128",12.93279022,"g9044","Phosphoglycerate mutase family"
"g6195",12.73584906,"g10433","Fungal hydrophobin"
"g4894",12.57731959,"g11002","-"
"g1399",12.56281407,"g5642","-"
"g11734",12.5284738,"g4847","Alpha/beta hydrolase family"
"g207",12.51862891,"Null",NA
"g3256",12.50919794,"g4898","Fructosamine kinase"
"g1380",12.45551601,"g249",NA
"g1551",12.45283019,"g10898","Hydrophobic surface binding protein A"
"g4670",12.30425056,"Null",NA
"g8176",12.27272727,"g8503",NA
"g9024",12.22540592,"g10633","N-terminal domain of NWD NACHT-NTPase"
"g4941",12.20556745,"g2433","-"
"g4539",12.16768916,"g10498","Enoyl-(Acyl carrier protein) reductase"
"g4539",12.16768916,"g11724","Belongs to the short-chain dehydrogenases reductases (SDR) family"
"g6356",12.13808463,"g1614","-"
"g9981",12.08333333,"g8476",NA
"g1445",12.0528109,"Null",NA
"g60",12.0498615,"g8969","polyketide synthase"
"g8679",12.02672606,"g4528","-"
"g4511",12.0055517,"g7546","Belongs to the metallo-dependent hydrolases superfamily. Peptidase M19 family"
"g6859",11.98501873,"g3123",NA
"g8917",11.9804401,"g10488","-"
"g9268",11.88169301,"g10320",NA
"g3234",11.87904968,"Null",NA
"g4520",11.86440678,"Null",NA
"g1272",11.72022684,"g4013","Catalase"
"g11482",11.66666667,"g2811",NA
"g8647",11.63323782,"g4493","Amidase"
"g136",11.57718121,"g9052","-"
"g6930",11.57684631,"g3053",NA
"g2820",11.54716981,"g5799","zinc finger"
"g7028",11.53284672,"g11071","-"
"g12",11.46788991,"g7628",NA
"g4892",11.42098274,"g11000","Phosphotransferase enzyme family"
"g3236",11.34969325,"g9934","-"
"g8418",11.31669535,"g6980","UvrD-like helicase C-terminal domain"
"g8619",11.31567131,"g1996",NA
"g1975",11.29518072,"g566",NA
"g1777",11.29296236,"g6446","-"
"g9421",11.27819549,"Null",NA
"g8274",11.27118644,"g2246",NA
"g7854",11.26279863,"Null",NA
"g10084",11.23853211,"g7656","-"
"g4550",11.232493,"g10509","SNF2 family N-terminal domain"
"g4603",11.21764142,"g10563","-"
"g4743",11.21387283,"g11580","WGS project CABT00000000 data, contig"
"g11954",11.19005329,"g1438",NA
"g8969",11.18530885,"g5217","Prion-inhibition and propagation"
"g11573",11.17533719,"g7130","Fumarylacetoacetate (FAA) hydrolase family"
"g6870",11.16446579,"g3112",NA
"g5463",11.14599686,"Null",NA
"g6167",11.11859838,"g10402","Nucleoside hydrolase"
"g2085",11.11111111,"g8822","-"
"g7176",11.10019646,"g5541","Enoyl-(Acyl carrier protein) reductase"
"g1907",11.09215017,"g4025","GAL4-like Zn(II)2Cys6 (or C6 zinc) binuclear cluster DNA-binding domain"
"g3182",11.09022556,"g11699","Cupin domain"
"g4617",11.07554417,"g10577","-"
"g11545",11.07205624,"g7102","Cupin domain"
"g4067",11.0701107,"Null",NA
"g1403",11.06870229,"g5638","-"
"g3811",11.02635229,"g2666","-"
"g6639",11.02362205,"Null",NA
"g7486",11.00266193,"g2729","Heterokaryon incompatibility protein (HET)"
"g7486",11.00266193,"g2730","Heterokaryon incompatibility protein (HET)"
"g6150",10.98901099,"g10385","Cytochrome c oxidase-assembly factor cox-23"
"g5634",10.96059113,"g8016","-"
"g10714",10.95100865,"g3166","FAD binding domain"
"g10714",10.95100865,"g3167","FAD binding domain"
"g9999",10.94147583,"g1961","Hsp70 protein"
"g7868",10.93247588,"g4444","-"
"g7868",10.93247588,"g11277","-"
"g7850",10.90425532,"g1073","Fumarylacetoacetate (FAA) hydrolase family"
"g7850",10.90425532,"g10031","Fumarylacetoacetate (FAA) hydrolase family"
"g5645",10.90014065,"g7604","Belongs to the short-chain dehydrogenases reductases (SDR) family"
"g5645",10.90014065,"g8005","Belongs to the short-chain dehydrogenases reductases (SDR) family"
"g5174",10.88957055,"g6698","Glucose N-acetyltransferase 1"
"g9685",10.88592936,"g11921","Cytochrome P450"
"g3819",10.88534107,"g2674","-"
"g15",10.8616188,"g7625","Fungal specific transcription factor domain"
"g7485",10.85526316,"g2729","Heterokaryon incompatibility protein (HET)"
"g7485",10.85526316,"g2730","Heterokaryon incompatibility protein (HET)"
"g8368",10.85192698,"g5500","-"
"g2155",10.84745763,"g5845","-"
"g7671",10.82581541,"g9221",NA
"g547",10.81239041,"g6536","Ankyrin repeat"
"g547",10.81239041,"g6535","adenosylhomocysteine nucleosidase activity"
"g5118",10.81081081,"g6641",NA
"g6549",10.78998073,"g11891","-"
"g4136",10.78947368,"g713","Non-catalytic module family expn protein"
"g11767",10.77302632,"g5668",NA
"g3315",10.76923077,"g8427","Peptidase dimerisation domain"
"g684",10.76801267,"g10707","DJ-1 PfpI family protein"
"g4093",10.76537911,"g752","Dienelactone hydrolase family"
"g137",10.76487252,"g9052","-"
"g2127",10.75514874,"g1141","Glutathione S-transferase"
"g4577",10.74313409,"g10537","CorA-like Mg2+ transporter protein"
