"GeneID","count_percentage","Trichoderma_harzianum_T9","Description"
"g1799",14.19249592,"Null",NA
"g4742",14.07407407,"Null",NA
"g6428",13.82054993,"g10571","Belongs to the peptidase A1 family"
"g10939",13.52813853,"Null",NA
"g3995",13.52253756,"g5217","Prion-inhibition and propagation"
"g1113",13.27944573,"g5203",NA
"g11545",12.82268303,"g10991",NA
"g6811",12.35059761,"g2118",NA
"g9350",12.26252159,"g3105","Kp4"
"g4611",12.14285714,"g3899","Fungal hydrophobin"
"g10937",12.13191991,"Null",NA
"g9068",12.06120612,"g11492","Macrophage migration inhibitory factor (MIF)"
"g6084",12.05357143,"g10232","-"
"g3810",11.94444444,"g8899","Protein of unknown function (DUF3632)"
"g4458",11.93633952,"Null",NA
"g6124",11.87989556,"g10274","50S ribosome-binding GTPase"
"g133",11.69230769,"g9007",NA
"g6511",11.66092943,"g6980","UvrD-like helicase C-terminal domain"
"g11359",11.65775401,"g10815","-"
"g30",11.63636364,"Null",NA
"g8906",11.60541586,"g11651","Protein kinase domain"
"g260",11.51586369,"g7638","Calcineurin-like phosphoesterase"
"g226",11.50442478,"Null",NA
"g6425",11.29707113,"Null",NA
"g12070",11.28888889,"g5568","GDP-mannose 4,6 dehydratase"
"g8422",11.27098321,"g1439","-"
"g4261",11.2605042,"g3545","-"
"g6434",11.25541126,"g10577","-"
"g667",11.1969112,"g1408","phosphatidylglycerol acyl-chain remodeling"
"g11924",11.18811881,"g5802","-"
"g102",11.1410602,"g9038","Alcohol dehydrogenase GroES-like domain"
"g2150",11.13490364,"g2433","-"
"g6426",11.07594937,"g10569","Conserved hypothetical protein"
"g6694",11.06243154,"g1212","-"
"g11552",11.01526211,"g11000","Phosphotransferase enzyme family"
"g7630",11.00702576,"g8054","-"
"g11367",10.99787686,"g10823","GAL4-like Zn(II)2Cys6 (or C6 zinc) binuclear cluster DNA-binding domain"
"g10056",10.97852029,"g7715","zinc finger"
"g885",10.97804391,"g4898","Fructosamine kinase"
"g139",10.97256858,"g9001","Protein kinase domain"
"g12000",10.96345515,"g5637","-"
"g90",10.96196868,"g9052","-"
"g1001",10.95764273,"g4840",NA
"g11286",10.91761554,"Null",NA
"g2841",10.91463415,"g6126","Protein of unknown function (DUF4243)"
"g5118",10.89974293,"g567",NA
"g9475",10.88674276,"g8530",NA
"g3395",10.87160262,"Null",NA
"g5867",10.8681672,"g4444","-"
"g5867",10.8681672,"g11277","-"
"g8440",10.86036671,"g1459",NA
"g10694",10.83743842,"g5447",NA
"g5606",10.83423619,"g11888","3'-5' exonuclease"
"g7745",10.82802548,"g7943","Phosphorylase superfamily"
"g4227",10.82519965,"g3513","FtsJ-like methyltransferase"
"g11003",10.80300404,"g9759","-"
"g5890",10.80213904,"g4462",NA
"g3472",10.80139373,"Null",NA
"g98",10.79429735,"g9044","Phosphoglycerate mutase family"
"g6230",10.77265973,"g10380","Phosphotransferase enzyme family"
"g11693",10.7678729,"g11145",NA
"g7865",10.76487252,"g7509",NA
"g4662",10.7615894,"g3945","-"
"g11454",10.75471698,"g10898","Hydrophobic surface binding protein A"
"g457",10.74380165,"g4588",NA
"g5925",10.7347876,"g4493","Amidase"
"g6390",10.72757338,"g10537","CorA-like Mg2+ transporter protein"
"g2574",10.71122536,"g5864",NA
"g6784",10.68476978,"g2089","FAD dependent oxidoreductase"
"g7493",10.67961165,"Null",NA
"g10870",10.67615658,"Null",NA
"g651",10.65989848,"g2791","Mating-type protein MAT alpha 1 HMG-box"
"g11498",10.65493646,"g10945","-"
"g138",10.64388962,"g9002",NA
"g5372",10.63829787,"g329","-"
"g224",10.63157895,"g7596","-"
"g4935",10.625,"Null",NA
"g8442",10.58091286,"g1462",NA
"g11611",10.57220708,"g11062","Heterokaryon incompatibility protein (HET)"
"g10520",10.54461182,"g9194",NA
"g11675",10.54054054,"g11128","Enoyl-(Acyl carrier protein) reductase"
"g7057",10.53135472,"g2244","-"
"g3765",10.52631579,"g8945",NA
"g7074",10.52631579,"g9998","Heterokaryon incompatibility protein (HET)"
"g8977",10.52023121,"g11580","WGS project CABT00000000 data, contig"
"g8300",10.5156724,"g1312","oxidoreductase activity"
"g9109",10.44117647,"g11452",NA
"g9374",10.44061303,"g3080",NA
"g5538",10.43663472,"g161","Domain of unknown function (DUF3328)"
"g4242",10.42944785,"Null",NA
"g6363",10.40787623,"g10509","SNF2 family N-terminal domain"
"g10668",10.38696538,"g5420",NA
"g3745",10.36924633,"g8721","TAP-like protein"
"g10749",10.36446469,"g5500","-"
"g4086",10.36036036,"g8660","-"
"g3930",10.35226456,"g6536","Ankyrin repeat"
"g3930",10.35226456,"g6535","adenosylhomocysteine nucleosidase activity"
"g8417",10.35087719,"g1434","Domain of Unknown Function (DUF1080)"
"g7684",10.34870641,"g8000","Belongs to the oxygen-dependent FAD-linked oxidoreductase family"
"g7797",10.34482759,"g7889","Beta-1,3-glucanase"
"g8283",10.33973412,"g1297","Mycolic acid cyclopropane synthetase"
"g345",10.33797217,"Null",NA
"g10812",10.33797217,"g7279","-"
"g5865",10.32967033,"g4442","adenosylhomocysteine nucleosidase activity"
"g5865",10.32967033,"g4443","Ankyrin repeat"
"g11553",10.32770606,"g11001","Peroxidase, family 2"
"g9269",10.31578947,"g8444","FAD binding domain"
"g7314",10.31518625,"g3360","Quinone oxidoreductase"
"g10623",10.31344793,"g5372","Enoyl-(Acyl carrier protein) reductase"
"g94",10.31260071,"g9048","C2H2-type zinc finger"
"g4564",10.30805687,"g3846","Glutathione S-transferase, N-terminal domain"
"g9372",10.30195382,"g3082","ankyrin repeat"
"g4459",10.28428094,"g3741","-"
"g4430",10.26200873,"g3715","SnoaL-like domain"
"g11556",10.25412394,"g11005","Amidase"
"g3164",10.24793388,"g6446","-"
"g5961",10.24498886,"g4528","-"
"g4332",10.22760863,"g3617","DNA ligase N terminus"
"g8297",10.21992238,"g1310","oxidoreductase activity"
"g7997",10.21276596,"g10693","ADP binding"
"g11665",10.20992366,"g11115","FAD binding domain"
"g2637",10.20524515,"g5928","Ankyrin repeats (many copies)"
"g11505",10.20408163,"g10952","HpcH HpaI aldolase"
"g140",10.20019066,"g9000","NAD(P)H-binding"
"g10059",10.19830028,"g7712",NA
"g3451",10.19607843,"Null",NA
"g9591",10.19313305,"g10726","Domain of unknown function (DUF3425)"
"g131",10.19047619,"g9009","S1/P1 Nuclease"
"g2394",10.18292683,"g2672","Beta-lactamase"
"g4730",10.18181818,"g4013","Catalase"
"g331",10.1754386,"g4715","Enoyl-(Acyl carrier protein) reductase"
"g11937",10.16949153,"g5815",NA
